#TITLE           ;KEY              ;SED2    ;SWMH
d_curonian       ;title            ;HIGH_CHIEF;HIGH_CHIEF
d_curonian       ;title_female     ;HIGH_CHIEFTESS;HIGH_CHIEFTESS
d_curonian       ;foa              ;HIGH_CHIEF_FOA;HIGH_CHIEF_FOA
d_selonians      ;title            ;HIGH_CHIEF;HIGH_CHIEF
d_selonians      ;title_female     ;HIGH_CHIEFTESS;HIGH_CHIEFTESS
d_selonians      ;foa              ;HIGH_CHIEF_FOA;HIGH_CHIEF_FOA
d_talavians      ;title            ;HIGH_CHIEF;HIGH_CHIEF
d_talavians      ;title_female     ;HIGH_CHIEFTESS;HIGH_CHIEFTESS
d_talavians      ;foa              ;HIGH_CHIEF_FOA;HIGH_CHIEF_FOA
d_lettigalians   ;title            ;HIGH_CHIEF;HIGH_CHIEF
d_lettigalians   ;title_female     ;HIGH_CHIEFTESS;HIGH_CHIEFTESS
d_lettigalians   ;foa              ;HIGH_CHIEF_FOA;HIGH_CHIEF_FOA
d_zemigalians    ;title            ;HIGH_CHIEF;HIGH_CHIEF
d_zemigalians    ;title_female     ;HIGH_CHIEFTESS;HIGH_CHIEFTESS
d_zemigalians    ;foa              ;HIGH_CHIEF_FOA;HIGH_CHIEF_FOA
d_deltuvians     ;title            ;HIGH_CHIEF;HIGH_CHIEF
d_deltuvians     ;title_female     ;HIGH_CHIEFTESS;HIGH_CHIEFTESS
d_deltuvians     ;foa              ;HIGH_CHIEF_FOA;HIGH_CHIEF_FOA
d_yatviags       ;title            ;HIGH_CHIEF;HIGH_CHIEF
d_yatviags       ;title_female     ;HIGH_CHIEFTESS;HIGH_CHIEFTESS
d_yatviags       ;foa              ;HIGH_CHIEF_FOA;HIGH_CHIEF_FOA
d_pruthenians    ;title            ;HIGH_CHIEF;HIGH_CHIEF
d_pruthenians    ;title_female     ;HIGH_CHIEFTESS;HIGH_CHIEFTESS
d_pruthenians    ;foa              ;HIGH_CHIEF_FOA;HIGH_CHIEF_FOA
d_goliadj        ;title            ;HIGH_CHIEF;HIGH_CHIEF
d_goliadj        ;title_female     ;HIGH_CHIEFTESS;HIGH_CHIEFTESS
d_goliadj        ;foa              ;HIGH_CHIEF_FOA;HIGH_CHIEF_FOA
d_goliadj        ;russian          ;Goliads ;Goliadj
d_goliadj        ;pommeranian      ;        ;Galindowie
d_goliadj        ;polish           ;        ;Galindowie
d_goliadj        ;bohemian         ;        ;Galindowie
d_goliadj        ;moravian         ;        ;Galindowie
d_warmians       ;title            ;HIGH_CHIEF;HIGH_CHIEF
d_warmians       ;title_female     ;HIGH_CHIEFTESS;HIGH_CHIEFTESS
d_warmians       ;foa              ;HIGH_CHIEF_FOA;HIGH_CHIEF_FOA
d_pomesanians    ;title            ;HIGH_CHIEF;HIGH_CHIEF
d_pomesanians    ;title_female     ;HIGH_CHIEFTESS;HIGH_CHIEFTESS
d_pomesanians    ;foa              ;HIGH_CHIEF_FOA;HIGH_CHIEF_FOA
d_sasnians       ;title            ;HIGH_CHIEF;HIGH_CHIEF
d_sasnians       ;title_female     ;HIGH_CHIEFTESS;HIGH_CHIEFTESS
d_sasnians       ;foa              ;HIGH_CHIEF_FOA;HIGH_CHIEF_FOA
d_pogesanians    ;title            ;HIGH_CHIEF;HIGH_CHIEF
d_pogesanians    ;title_female     ;HIGH_CHIEFTESS;HIGH_CHIEFTESS
d_pogesanians    ;foa              ;HIGH_CHIEF_FOA;HIGH_CHIEF_FOA
d_bartians       ;title            ;HIGH_CHIEF;HIGH_CHIEF
d_bartians       ;title_female     ;HIGH_CHIEFTESS;HIGH_CHIEFTESS
d_bartians       ;foa              ;HIGH_CHIEF_FOA;HIGH_CHIEF_FOA
d_nadruvians     ;title            ;HIGH_CHIEF;HIGH_CHIEF
d_nadruvians     ;title_female     ;HIGH_CHIEFTESS;HIGH_CHIEFTESS
d_nadruvians     ;foa              ;HIGH_CHIEF_FOA;HIGH_CHIEF_FOA
d_scalovians     ;title            ;HIGH_CHIEF;HIGH_CHIEF
d_scalovians     ;title_female     ;HIGH_CHIEFTESS;HIGH_CHIEFTESS
d_scalovians     ;foa              ;HIGH_CHIEF_FOA;HIGH_CHIEF_FOA
d_sambians       ;title            ;HIGH_CHIEF;HIGH_CHIEF
d_sambians       ;title_female     ;HIGH_CHIEFTESS;HIGH_CHIEFTESS
d_sambians       ;foa              ;HIGH_CHIEF_FOA;HIGH_CHIEF_FOA
d_veleti         ;title            ;HIGH_CHIEF;HIGH_CHIEF
d_veleti         ;title_female     ;HIGH_CHIEFTESS;HIGH_CHIEFTESS
d_veleti         ;foa              ;HIGH_CHIEF_FOA;HIGH_CHIEF_FOA
d_wolinians      ;title            ;HIGH_CHIEF;HIGH_CHIEF
d_wolinians      ;title_female     ;HIGH_CHIEFTESS;HIGH_CHIEFTESS
d_wolinians      ;foa              ;HIGH_CHIEF_FOA;HIGH_CHIEF_FOA
d_chutizi        ;title            ;HIGH_CHIEF;HIGH_CHIEF
d_chutizi        ;title_female     ;HIGH_CHIEFTESS;HIGH_CHIEFTESS
d_chutizi        ;foa              ;HIGH_CHIEF_FOA;HIGH_CHIEF_FOA
d_leubuzzi       ;title            ;HIGH_CHIEF;HIGH_CHIEF
d_leubuzzi       ;title_female     ;HIGH_CHIEFTESS;HIGH_CHIEFTESS
d_leubuzzi       ;foa              ;HIGH_CHIEF_FOA;HIGH_CHIEF_FOA
d_glomacze       ;title            ;HIGH_CHIEF;HIGH_CHIEF
d_glomacze       ;title_female     ;HIGH_CHIEFTESS;HIGH_CHIEFTESS
d_glomacze       ;foa              ;HIGH_CHIEF_FOA;HIGH_CHIEF_FOA
d_sorbs          ;title            ;HIGH_CHIEF;HIGH_CHIEF
d_sorbs          ;title_female     ;HIGH_CHIEFTESS;HIGH_CHIEFTESS
d_sorbs          ;foa              ;HIGH_CHIEF_FOA;HIGH_CHIEF_FOA
d_obotrites      ;title            ;HIGH_CHIEF;HIGH_CHIEF
d_obotrites      ;title_female     ;HIGH_CHIEFTESS;HIGH_CHIEFTESS
d_obotrites      ;foa              ;HIGH_CHIEF_FOA;HIGH_CHIEF_FOA
d_lendians       ;title            ;HIGH_CHIEF;HIGH_CHIEF
d_lendians       ;title_female     ;HIGH_CHIEFTESS;HIGH_CHIEFTESS
d_lendians       ;foa              ;HIGH_CHIEF_FOA;HIGH_CHIEF_FOA
d_drevlyans      ;title            ;HIGH_CHIEF;HIGH_CHIEF
d_drevlyans      ;title_female     ;HIGH_CHIEFTESS;HIGH_CHIEFTESS
d_drevlyans      ;foa              ;HIGH_CHIEF_FOA;HIGH_CHIEF_FOA
d_ulichs         ;title            ;HIGH_CHIEF;HIGH_CHIEF
d_ulichs         ;title_female     ;HIGH_CHIEFTESS;HIGH_CHIEFTESS
d_ulichs         ;foa              ;HIGH_CHIEF_FOA;HIGH_CHIEF_FOA
d_volhynians     ;title            ;HIGH_CHIEF;HIGH_CHIEF
d_volhynians     ;title_female     ;HIGH_CHIEFTESS;HIGH_CHIEFTESS
d_volhynians     ;foa              ;HIGH_CHIEF_FOA;HIGH_CHIEF_FOA
d_buzhans        ;title            ;HIGH_CHIEF;HIGH_CHIEF
d_buzhans        ;title_female     ;HIGH_CHIEFTESS;HIGH_CHIEFTESS
d_buzhans        ;foa              ;HIGH_CHIEF_FOA;HIGH_CHIEF_FOA
d_tivertsi       ;title            ;HIGH_CHIEF;HIGH_CHIEF
d_tivertsi       ;title_female     ;HIGH_CHIEFTESS;HIGH_CHIEFTESS
d_tivertsi       ;foa              ;HIGH_CHIEF_FOA;HIGH_CHIEF_FOA
d_meshcheras     ;title            ;HIGH_CHIEF;HIGH_CHIEF
d_meshcheras     ;title_female     ;HIGH_CHIEFTESS;HIGH_CHIEFTESS
d_meshcheras     ;foa              ;HIGH_CHIEF_FOA;HIGH_CHIEF_FOA
d_kryvians       ;title            ;HIGH_CHIEF;HIGH_CHIEF
d_kryvians       ;title_female     ;HIGH_CHIEFTESS;HIGH_CHIEFTESS
d_kryvians       ;foa              ;HIGH_CHIEF_FOA;HIGH_CHIEF_FOA
d_severians      ;title            ;HIGH_CHIEF;HIGH_CHIEF
d_severians      ;title_female     ;HIGH_CHIEFTESS;HIGH_CHIEFTESS
d_severians      ;foa              ;HIGH_CHIEF_FOA;HIGH_CHIEF_FOA
d_vyatichi       ;title            ;HIGH_CHIEF;HIGH_CHIEF
d_vyatichi       ;title_female     ;HIGH_CHIEFTESS;HIGH_CHIEFTESS
d_vyatichi       ;foa              ;HIGH_CHIEF_FOA;HIGH_CHIEF_FOA
d_dregovichi     ;title            ;HIGH_CHIEF;HIGH_CHIEF
d_dregovichi     ;title_female     ;HIGH_CHIEFTESS;HIGH_CHIEFTESS
d_dregovichi     ;foa              ;HIGH_CHIEF_FOA;HIGH_CHIEF_FOA
d_radimichi      ;title            ;HIGH_CHIEF;HIGH_CHIEF
d_radimichi      ;title_female     ;HIGH_CHIEFTESS;HIGH_CHIEFTESS
d_radimichi      ;foa              ;HIGH_CHIEF_FOA;HIGH_CHIEF_FOA
d_uighurs        ;title            ;Idiqut  ;Idiqut
d_uighurs        ;foa              ;Idiqut_FOA;Idiqut_FOA
d_uighurs        ;title_prefix     ;Yabghuluq_OF;Yabghuluq_OF
d_qirghiz        ;title            ;Elteber ;Elteber
d_qirghiz        ;foa              ;Elteber_FOA;Elteber_FOA
d_qirghiz        ;title_prefix     ;Elteberluq_OF;Elteberluq_OF
d_oghuz          ;title            ;Yabghu  ;Yabghu
d_oghuz          ;foa              ;Yabghu_FOA;Yabghu_FOA
d_oghuz          ;title_prefix     ;Yabghuluq_OF;Yabghuluq_OF
d_yaghma         ;title            ;Yabghu  ;Yabghu
d_yaghma         ;foa              ;Yabghu_FOA;Yabghu_FOA
d_yaghma         ;title_prefix     ;Yabghuluq_OF;Yabghuluq_OF
d_chigil         ;title            ;Yabghu  ;Yabghu
d_chigil         ;foa              ;Yabghu_FOA;Yabghu_FOA
d_chigil         ;title_prefix     ;Yabghuluq_OF;Yabghuluq_OF
d_basmils        ;title            ;Yabghu  ;Yabghu
d_basmils        ;foa              ;Yabghu_FOA;Yabghu_FOA
d_basmils        ;title_prefix     ;Yabghuluq_OF;Yabghuluq_OF
d_tukhsi         ;title            ;Yabghu  ;Yabghu
d_tukhsi         ;foa              ;Yabghu_FOA;Yabghu_FOA
d_tukhsi         ;title_prefix     ;Yabghuluq_OF;Yabghuluq_OF
d_qipchaq        ;title            ;Opa     ;Opa
d_qipchaq        ;foa              ;Opa_FOA ;Opa_FOA
d_qipchaq        ;title_prefix     ;Kuren_OF;Kuren_OF
d_zyriane        ;danish           ;        ;Syrjænger
d_zyriane        ;russian          ;        ;Zyriane
d_zyriane        ;pommeranian      ;        ;Zyriane
d_zyriane        ;polish           ;        ;Zyriane
d_zyriane        ;bohemian         ;        ;Zyriane
d_zyriane        ;moravian         ;        ;Zyriane
d_zyriane        ;karantanci       ;        ;Zyriane
d_zyriane        ;croatian         ;        ;Zyriane
d_zyriane        ;serbian          ;        ;Zyriane
d_zyriane        ;bosnian          ;        ;Zyriane
d_zyriane        ;bulgarian        ;        ;Zyriane
d_maris          ;title            ;HIGH_CHIEF;HIGH_CHIEF
d_maris          ;foa              ;HIGH_CHIEF_FOA;HIGH_CHIEF_FOA
d_maris          ;turkish          ;Cheremis;Çirmislar
d_maris          ;turkmen          ;Cheremis;Çirmislar
d_maris          ;oghuz            ;Cheremis;Çirmislar
d_maris          ;mongol           ;Cheremis;Çirmeslär
d_maris          ;cuman            ;Cheremis;Çirmeslär
d_maris          ;pecheneg         ;Cheremis;Çirmislar
d_maris          ;khazar           ;Cheremis;Sarmäslar
d_maris          ;bolghar          ;Cheremis;Sarmäslar
d_maris          ;avar             ;Cheremis;Sarmäslar
d_maris          ;karluk           ;Cheremis;Çirmeslär
d_maris          ;kasogi           ;Cheremis;Çirmislar
d_maris          ;kirghiz          ;Cheremis;Çirmeslär
d_maris          ;uyghur           ;Cheremis;Çirmeslär
d_maris          ;bashkir          ;Cheremis;Çirmislar
d_maris_vetluga  ;turkish          ;Vetluga Cheremis;Tepe Çirmislar
d_maris_vetluga  ;turkmen          ;Vetluga Cheremis;Tepe Çirmislar
d_maris_vetluga  ;oghuz            ;Vetluga Cheremis;Tepe Çirmislar
d_maris_vetluga  ;mongol           ;Vetluga Cheremis;Tepe Çirmeslär
d_maris_vetluga  ;cuman            ;Vetluga Cheremis;Tepe Çirmeslär
d_maris_vetluga  ;pecheneg         ;Vetluga Cheremis;Tepe Çirmislar
d_maris_vetluga  ;khazar           ;Vetluga Cheremis;Tuçi Sarmäslar
d_maris_vetluga  ;bolghar          ;Vetluga Cheremis;Tuçi Sarmäslar
d_maris_vetluga  ;avar             ;Vetluga Cheremis;Tuçi Sarmäslar
d_maris_vetluga  ;karluk           ;Vetluga Cheremis;Tepe Çirmeslär
d_maris_vetluga  ;kasogi           ;Vetluga Cheremis;Tepe Çirmislar
d_maris_vetluga  ;kirghiz          ;Vetluga Cheremis;Tepe Çirmeslär
d_maris_vetluga  ;uyghur           ;Vetluga Cheremis;Tepe Çirmeslär
d_maris_vetluga  ;bashkir          ;Vetluga Cheremis;Tepe Çirmislar
d_maris_vetluga  ;russian          ;Vetluga Cheremis;Gornyye Cheremis
d_maris_vetluga  ;pommeranian      ;Vetluga Cheremis;Gornyye Cheremis
d_maris_vetluga  ;polish           ;Vetluga Cheremis;Gornyye Cheremis
d_maris_vetluga  ;bohemian         ;Vetluga Cheremis;Gornyye Cheremis
d_maris_vetluga  ;moravian         ;Vetluga Cheremis;Gornyye Cheremis
d_maris_vetluga  ;karantanci       ;Vetluga Cheremis;Gornyye Cheremis
d_maris_vetluga  ;croatian         ;Vetluga Cheremis;Gornyye Cheremis
d_maris_vetluga  ;serbian          ;Vetluga Cheremis;Gornyye Cheremis
d_maris_vetluga  ;bosnian          ;Vetluga Cheremis;Gornyye Cheremis
d_maris_vetluga  ;bulgarian        ;Vetluga Cheremis;Gornyye Cheremis
d_meryas         ;title            ;HIGH_CHIEF;HIGH_CHIEF
d_meryas         ;foa              ;HIGH_CHIEF_FOA;HIGH_CHIEF_FOA
d_mordvins_erza  ;turkish          ;        ;Irçilar
d_mordvins_erza  ;turkmen          ;        ;Irçilar
d_mordvins_erza  ;oghuz            ;        ;Irçilar
d_mordvins_erza  ;mongol           ;        ;Ïrzälär
d_mordvins_erza  ;cuman            ;        ;Ïrzälär
d_mordvins_erza  ;pecheneg         ;        ;Irçilar
d_mordvins_erza  ;khazar           ;        ;Irçëlar
d_mordvins_erza  ;bolghar          ;        ;Irçëlar
d_mordvins_erza  ;avar             ;        ;Irçëlar
d_mordvins_erza  ;karluk           ;        ;Ïrzälar
d_mordvins_erza  ;kasogi           ;        ;Irçilar
d_mordvins_erza  ;kirghiz          ;        ;Ïrzälär
d_mordvins_erza  ;uyghur           ;        ;Ïrzälär
d_mordvins_erza  ;bashkir          ;        ;Ïrzälar
d_mordvins       ;title            ;HIGH_CHIEF;HIGH_CHIEF
d_mordvins       ;foa              ;HIGH_CHIEF_FOA;HIGH_CHIEF_FOA
d_mordvins       ;swedish          ;Mordvins;Merdas
d_mordvins       ;danish           ;Mordvins;Merdas
d_mordvins       ;gothic           ;Mordvins;Merdas
d_mordvins       ;german           ;Mordvins;Merdas
d_mordvins       ;low_german       ;Mordvins;Merdas
d_mordvins       ;low_saxon        ;Mordvins;Merdas
d_mordvins       ;thuringian       ;Mordvins;Merdas
d_mordvins       ;franconian       ;Mordvins;Merdas
d_mordvins       ;swabian          ;Mordvins;Merdas
d_mordvins       ;bavarian         ;Mordvins;Merdas
d_mordvins       ;low_frankish     ;Mordvins;Merdas
d_mordvins       ;english          ;Mordvins;Merdas
d_mordvins       ;frankish         ;Mordvins;Merdas
d_mordvins       ;arpitan          ;Mordvins;Merdas
d_mordvins       ;norman           ;Mordvins;Merdas
d_mordvins       ;basque           ;Mordvins;Merdas
d_mordvins       ;andalusian_arabic;        ;Tuqshi
d_mordvins       ;occitan          ;Mordvins;Merdas
d_mordvins       ;castillan        ;Mordvins;Merdas
d_mordvins       ;aragonese        ;Mordvins;Merdas
d_mordvins       ;catalan          ;Mordvins;Merdas
d_mordvins       ;leonese          ;Mordvins;Merdas
d_mordvins       ;armenian         ;Mordvins;Mordia
d_mordvins       ;greek            ;Mordvins;Mordia
d_mordvins       ;east_gothic      ;Mordvins;Mordens
d_mordvins       ;romanian         ;Mordvins;Merdas
d_mordvins       ;alan             ;Mordvins;Mordia
d_mordvins       ;sicilian_greek   ;Mordvins;Mordia
d_mordvins       ;arberian         ;Mordvins;Mordia
d_mordvins       ;georgian         ;Mordvins;Mordia
d_mordvins       ;turkish          ;        ;Tuqšilar
d_mordvins       ;turkmen          ;        ;Tuqšilar
d_mordvins       ;oghuz            ;        ;Tuqšilar
d_mordvins       ;mongol           ;        ;Tuqšilär
d_mordvins       ;cuman            ;        ;Tuqšilar
d_mordvins       ;pecheneg         ;        ;Tuqšilar
d_mordvins       ;khazar           ;        ;Tuqšilar
d_mordvins       ;bolghar          ;        ;Tuqšilar
d_mordvins       ;avar             ;        ;Tuqšilar
d_mordvins       ;karluk           ;        ;Tuqšilar
d_mordvins       ;kasogi           ;        ;Tuqšilar
d_mordvins       ;kirghiz          ;        ;Tuqšilär
d_mordvins       ;uyghur           ;        ;Tuqšilar
d_mordvins       ;bashkir          ;        ;Tuqšilar
d_mordvins       ;bedouin_arabic   ;        ;Tuqshi
d_mordvins       ;maghreb_arabic   ;        ;Tuqshi
d_mordvins       ;levantine_arabic ;        ;Tuqshi
d_mordvins       ;egyptian_arabic  ;        ;Tuqshi
d_mordvins       ;sicilian_arabic  ;        ;Tuqshi
d_mordvins       ;pommeranian      ;Mordvins;Mordva
d_mordvins       ;polish           ;Mordvins;Mordva
d_mordvins       ;bohemian         ;Mordvins;Mordva
d_mordvins       ;moravian         ;Mordvins;Mordva
d_mordvins       ;karantanci       ;Mordvins;Mordva
d_mordvins       ;croatian         ;Mordvins;Mordva
d_mordvins       ;serbian          ;Mordvins;Mordva
d_mordvins       ;bosnian          ;Mordvins;Mordva
d_mordvins       ;bulgarian        ;Mordvins;Mordva
d_mordvins       ;pahlavi          ;        ;Tuqshi
d_mordvins       ;persian          ;        ;Tuqshi
d_mordvins       ;sogdian          ;        ;Tuqshi
d_mordvins       ;tajik            ;        ;Tuqshi
d_mordvins       ;daylamite        ;        ;Tuqshi
d_mordvins       ;khalaj           ;        ;Tuqshi
d_mordvins       ;khwarezmi        ;        ;Tuqshi
d_mordvins       ;kurdish          ;        ;Tuqshi
d_mordvins       ;afghan           ;        ;Tuqshi
d_mordvins       ;baloch           ;        ;Tuqshi
d_mordvins       ;qufs             ;        ;Tuqshi
d_mordvins       ;sanhaja          ;        ;Tuqshi
d_mordvins       ;tagelmust        ;        ;Tuqshi
d_mordvins       ;masmuda          ;        ;Tuqshi
d_mordvins       ;zanata           ;        ;Tuqshi
d_mordvins       ;tuareg           ;        ;Tuqshi
d_mordvins       ;sardinian        ;Mordvins;Merdas
d_mordvins       ;sicilian         ;Mordvins;Merdas
d_mordvins       ;corsican         ;Mordvins;Merdas
d_mordvins       ;central_italian  ;Mordvins;Merdas
d_mordvins       ;southern_italian ;Mordvins;Merdas
d_mordvins       ;neapolitan       ;Mordvins;Merdas
d_mordvins       ;tuscan           ;Mordvins;Merdas
d_mordvins       ;ligurian         ;Mordvins;Merdas
d_mordvins       ;langobardisch    ;Mordvins;Merdas
d_mordvins       ;italian          ;Mordvins;Merdas
d_mordvins       ;venetian         ;Mordvins;Merdas
d_mordvins       ;dalmatian        ;Mordvins;Merdas
d_burtas         ;title            ;HIGH_CHIEF;HIGH_CHIEF
d_burtas         ;foa              ;HIGH_CHIEF_FOA;HIGH_CHIEF_FOA
d_burtas         ;andalusian_arabic;        ;Burdas
d_burtas         ;turkish          ;        ;Bortaslar
d_burtas         ;turkmen          ;        ;Bortaslar
d_burtas         ;oghuz            ;        ;Bortaslar
d_burtas         ;mongol           ;        ;Bortaslär
d_burtas         ;cuman            ;        ;Bortaslär
d_burtas         ;pecheneg         ;        ;Bortaslar
d_burtas         ;khazar           ;        ;Bortaslar
d_burtas         ;bolghar          ;        ;Bortaslar
d_burtas         ;avar             ;        ;Bortaslar
d_burtas         ;karluk           ;        ;Bortaslar
d_burtas         ;kasogi           ;        ;Bortaslar
d_burtas         ;kirghiz          ;        ;Bortaslär
d_burtas         ;uyghur           ;        ;Bortaslar
d_burtas         ;bashkir          ;        ;Bortaslar
d_burtas         ;bedouin_arabic   ;        ;Burdas
d_burtas         ;maghreb_arabic   ;        ;Burdas
d_burtas         ;levantine_arabic ;        ;Burdas
d_burtas         ;egyptian_arabic  ;        ;Burdas
d_burtas         ;sicilian_arabic  ;        ;Burdas
d_burtas         ;russian          ;        ;Burtasy
d_burtas         ;pommeranian      ;        ;Burtasy
d_burtas         ;polish           ;        ;Burtasy
d_burtas         ;bohemian         ;        ;Burtasy
d_burtas         ;moravian         ;        ;Burtasy
d_burtas         ;karantanci       ;        ;Burtasy
d_burtas         ;croatian         ;        ;Burtasy
d_burtas         ;serbian          ;        ;Burtasy
d_burtas         ;bosnian          ;        ;Burtasy
d_burtas         ;bulgarian        ;        ;Burtasy
d_burtas         ;pahlavi          ;        ;Burdas
d_burtas         ;persian          ;        ;Burdas
d_burtas         ;sogdian          ;        ;Burdas
d_burtas         ;tajik            ;        ;Burdas
d_burtas         ;daylamite        ;        ;Burdas
d_burtas         ;khalaj           ;        ;Burdas
d_burtas         ;khwarezmi        ;        ;Burdas
d_burtas         ;kurdish          ;        ;Burdas
d_burtas         ;afghan           ;        ;Burdas
d_burtas         ;baloch           ;        ;Burdas
d_burtas         ;qufs             ;        ;Burdas
d_burtas         ;sanhaja          ;        ;Burdas
d_burtas         ;tagelmust        ;        ;Burdas
d_burtas         ;masmuda          ;        ;Burdas
d_burtas         ;zanata           ;        ;Burdas
d_burtas         ;tuareg           ;        ;Burdas
d_muromians      ;title            ;HIGH_CHIEF;HIGH_CHIEF
d_muromians      ;title_female     ;HIGH_CHIEFTESS;HIGH_CHIEFTESS
d_muromians      ;foa              ;HIGH_CHIEF_FOA;HIGH_CHIEF_FOA
d_lyydians       ;russian          ;        ;Ljudiny
d_lyydians       ;pommeranian      ;        ;Ljudiny
d_lyydians       ;polish           ;        ;Ljudiny
d_lyydians       ;bohemian         ;        ;Ljudiny
d_lyydians       ;moravian         ;        ;Ljudiny
d_lyydians       ;karantanci       ;        ;Ljudiny
d_lyydians       ;croatian         ;        ;Ljudiny
d_lyydians       ;serbian          ;        ;Ljudiny
d_lyydians       ;bosnian          ;        ;Ljudiny
d_lyydians       ;bulgarian        ;        ;Ljudiny
d_chudes         ;lappish          ;        ;Etelätšuudilaš
d_chudes         ;russian          ;        ;Chud'
d_chudes         ;pommeranian      ;        ;Chud'
d_chudes         ;polish           ;        ;Chud'
d_chudes         ;bohemian         ;        ;Chud'
d_chudes         ;moravian         ;        ;Chud'
d_chudes         ;karantanci       ;        ;Chud'
d_chudes         ;croatian         ;        ;Chud'
d_chudes         ;serbian          ;        ;Chud'
d_chudes         ;bosnian          ;        ;Chud'
d_chudes         ;bulgarian        ;        ;Chud'
d_bjarmians      ;norse            ;        ;Bjarmir
d_bjarmians      ;swedish          ;        ;Bjarmir
d_bjarmians      ;norwegian        ;        ;Bjarmir
d_bjarmians      ;danish           ;        ;Bjarmir
d_bjarmians      ;icelandic        ;        ;Bjarmir
d_bjarmians      ;gothic           ;        ;Bjarmir
d_bjarmians      ;saxon            ;Beormas ;Beormas
d_bjarmians      ;anglonorse       ;        ;Bjarmir
d_bjarmians      ;norsegaelic      ;        ;Bjarmir
d_bjarmians      ;lappish          ;        ;Norjantšuudilaš
d_bjarmians      ;russian          ;Zavoloshka Chudes;Zavoloch'e Chud'
d_bjarmians      ;pommeranian      ;Zavoloshka Chudes;Zavoloch'e Chud'
d_bjarmians      ;polish           ;Zavoloshka Chudes;Zavoloch'e Chud'
d_bjarmians      ;bohemian         ;Zavoloshka Chudes;Zavoloch'e Chud'
d_bjarmians      ;moravian         ;Zavoloshka Chudes;Zavoloch'e Chud'
d_bjarmians      ;karantanci       ;Zavoloshka Chudes;Zavoloch'e Chud'
d_bjarmians      ;croatian         ;Zavoloshka Chudes;Zavoloch'e Chud'
d_bjarmians      ;serbian          ;Zavoloshka Chudes;Zavoloch'e Chud'
d_bjarmians      ;bosnian          ;Zavoloshka Chudes;Zavoloch'e Chud'
d_bjarmians      ;bulgarian        ;Zavoloshka Chudes;Zavoloch'e Chud'
d_bjarmians      ;roman            ;        ;Biarmones
d_livgians       ;title            ;HIGH_CHIEF;HIGH_CHIEF
d_livgians       ;title_female     ;HIGH_CHIEFTESS;HIGH_CHIEFTESS
d_livgians       ;foa              ;HIGH_CHIEF_FOA;HIGH_CHIEF_FOA
d_karelians      ;title            ;HIGH_CHIEF;HIGH_CHIEF
d_karelians      ;title_female     ;HIGH_CHIEFTESS;HIGH_CHIEFTESS
d_karelians      ;foa              ;HIGH_CHIEF_FOA;HIGH_CHIEF_FOA
d_horse_karelians;title            ;HIGH_CHIEF;HIGH_CHIEF
d_horse_karelians;title_female     ;HIGH_CHIEFTESS;HIGH_CHIEFTESS
d_horse_karelians;foa              ;HIGH_CHIEF_FOA;HIGH_CHIEF_FOA
d_estonia        ;title            ;HIGH_CHIEF;HIGH_CHIEF
d_estonia        ;title_female     ;HIGH_CHIEFTESS;HIGH_CHIEFTESS
d_estonia        ;foa              ;HIGH_CHIEF_FOA;HIGH_CHIEF_FOA
d_ugandians      ;title            ;HIGH_CHIEF;HIGH_CHIEF
d_ugandians      ;title_female     ;HIGH_CHIEFTESS;HIGH_CHIEFTESS
d_ugandians      ;foa              ;HIGH_CHIEF_FOA;HIGH_CHIEF_FOA
d_oseelians      ;title            ;HIGH_CHIEF;HIGH_CHIEF
d_oseelians      ;title_female     ;HIGH_CHIEFTESS;HIGH_CHIEFTESS
d_oseelians      ;foa              ;HIGH_CHIEF_FOA;HIGH_CHIEF_FOA
d_rotalians      ;title            ;HIGH_CHIEF;HIGH_CHIEF
d_rotalians      ;title_female     ;HIGH_CHIEFTESS;HIGH_CHIEFTESS
d_rotalians      ;foa              ;HIGH_CHIEF_FOA;HIGH_CHIEF_FOA
d_vironians      ;title            ;HIGH_CHIEF;HIGH_CHIEF
d_vironians      ;title_female     ;HIGH_CHIEFTESS;HIGH_CHIEFTESS
d_vironians      ;foa              ;HIGH_CHIEF_FOA;HIGH_CHIEF_FOA
d_sakalians      ;title            ;HIGH_CHIEF;HIGH_CHIEF
d_sakalians      ;title_female     ;HIGH_CHIEFTESS;HIGH_CHIEFTESS
d_sakalians      ;foa              ;HIGH_CHIEF_FOA;HIGH_CHIEF_FOA
d_vanemas        ;title            ;HIGH_CHIEF;HIGH_CHIEF
d_vanemas        ;title_female     ;HIGH_CHIEFTESS;HIGH_CHIEFTESS
d_vanemas        ;foa              ;HIGH_CHIEF_FOA;HIGH_CHIEF_FOA
d_sami           ;title            ;HIGH_CHIEF;HIGH_CHIEF
d_sami           ;title_female     ;HIGH_CHIEFTESS;HIGH_CHIEFTESS
d_sami           ;foa              ;HIGH_CHIEF_FOA;HIGH_CHIEF_FOA
d_sami           ;russian          ;        ;Lop'
d_sami           ;pommeranian      ;        ;Lop'
d_sami           ;polish           ;        ;Lop'
d_sami           ;bohemian         ;        ;Lop'
d_sami           ;moravian         ;        ;Lop'
d_sami           ;karantanci       ;        ;Lop'
d_sami           ;croatian         ;        ;Lop'
d_sami           ;serbian          ;        ;Lop'
d_sami           ;bosnian          ;        ;Lop'
d_sami           ;bulgarian        ;        ;Lop'
d_satakunta      ;title            ;HIGH_CHIEF;HIGH_CHIEF
d_satakunta      ;foa              ;HIGH_CHIEF_FOA;HIGH_CHIEF_FOA
d_tavasts        ;title            ;HIGH_CHIEF;HIGH_CHIEF
d_tavasts        ;title_female     ;HIGH_CHIEFTESS;HIGH_CHIEFTESS
d_tavasts        ;foa              ;HIGH_CHIEF_FOA;HIGH_CHIEF_FOA
d_tavasts        ;russian          ;Yem     ;Jem
d_tavasts        ;pommeranian      ;Yem     ;Jem
d_tavasts        ;polish           ;Yem     ;Jem
d_tavasts        ;bohemian         ;Yem     ;Jem
d_tavasts        ;moravian         ;Yem     ;Jem
d_tavasts        ;karantanci       ;Yem     ;Jem
d_tavasts        ;croatian         ;Yem     ;Jem
d_tavasts        ;serbian          ;Yem     ;Jem
d_tavasts        ;bosnian          ;Yem     ;Jem
d_tavasts        ;bulgarian        ;Yem     ;Jem
d_suomi_finns    ;title            ;HIGH_CHIEF;HIGH_CHIEF
d_suomi_finns    ;title_female     ;HIGH_CHIEFTESS;HIGH_CHIEFTESS
d_suomi_finns    ;foa              ;HIGH_CHIEF_FOA;HIGH_CHIEF_FOA
d_suomi_finns    ;russian          ;        ;Sum
d_suomi_finns    ;pommeranian      ;        ;Sum
d_suomi_finns    ;polish           ;        ;Sum
d_suomi_finns    ;bohemian         ;        ;Sum
d_suomi_finns    ;moravian         ;        ;Sum
d_suomi_finns    ;karantanci       ;        ;Sum
d_suomi_finns    ;croatian         ;        ;Sum
d_suomi_finns    ;serbian          ;        ;Sum
d_suomi_finns    ;bosnian          ;        ;Sum
d_suomi_finns    ;bulgarian        ;        ;Sum
d_savonians      ;title            ;HIGH_CHIEF;HIGH_CHIEF
d_savonians      ;title_female     ;HIGH_CHIEFTESS;HIGH_CHIEFTESS
d_savonians      ;foa              ;HIGH_CHIEF_FOA;HIGH_CHIEF_FOA
d_savonians      ;russian          ;        ;Savaki
d_savonians      ;pommeranian      ;        ;Savaki
d_savonians      ;polish           ;        ;Savaki
d_savonians      ;bohemian         ;        ;Savaki
d_savonians      ;moravian         ;        ;Savaki
d_savonians      ;karantanci       ;        ;Savaki
d_savonians      ;croatian         ;        ;Savaki
d_savonians      ;serbian          ;        ;Savaki
d_savonians      ;bosnian          ;        ;Savaki
d_savonians      ;bulgarian        ;        ;Savaki
d_votes          ;title            ;HIGH_CHIEF;HIGH_CHIEF
d_votes          ;title_female     ;HIGH_CHIEFTESS;HIGH_CHIEFTESS
d_votes          ;foa              ;HIGH_CHIEF_FOA;HIGH_CHIEF_FOA
d_votes          ;german           ;        ;Woten
d_votes          ;low_german       ;        ;Woten
d_votes          ;dutch            ;        ;Woten
d_votes          ;low_saxon        ;        ;Woten
d_votes          ;thuringian       ;        ;Woten
d_votes          ;franconian       ;        ;Woten
d_votes          ;swabian          ;        ;Woten
d_votes          ;bavarian         ;        ;Woten
d_votes          ;low_frankish     ;        ;Woten
d_votes          ;lettigallish     ;Kreevins;Krievini
d_votes          ;lithuanian       ;Kreevins;Krievini
d_votes          ;prussian         ;Kreevins;Krievini
d_votes          ;russian          ;        ;Vod'
d_votes          ;pommeranian      ;        ;Vod'
d_votes          ;polish           ;        ;Vod'
d_votes          ;bohemian         ;        ;Vod'
d_votes          ;moravian         ;        ;Vod'
d_votes          ;karantanci       ;        ;Vod'
d_votes          ;croatian         ;        ;Vod'
d_votes          ;serbian          ;        ;Vod'
d_votes          ;bosnian          ;        ;Vod'
d_votes          ;bulgarian        ;        ;Vod'
d_ingrians       ;title            ;HIGH_CHIEF;HIGH_CHIEF
d_ingrians       ;title_female     ;HIGH_CHIEFTESS;HIGH_CHIEFTESS
d_ingrians       ;foa              ;HIGH_CHIEF_FOA;HIGH_CHIEF_FOA
d_ingrians       ;lettigallish     ;        ;Ižorai
d_ingrians       ;lithuanian       ;        ;Ižorai
d_ingrians       ;prussian         ;        ;Ižorai
d_ingrians       ;russian          ;        ;Ižory
d_ingrians       ;pommeranian      ;        ;Ižory
d_ingrians       ;polish           ;        ;Ižory
d_ingrians       ;bohemian         ;        ;Ižory
d_ingrians       ;moravian         ;        ;Ižory
d_ingrians       ;karantanci       ;        ;Ižory
d_ingrians       ;croatian         ;        ;Ižory
d_ingrians       ;serbian          ;        ;Ižory
d_ingrians       ;bosnian          ;        ;Ižory
d_ingrians       ;bulgarian        ;        ;Ižory
d_kylfings       ;title            ;HIGH_CHIEF;HIGH_CHIEF
d_kylfings       ;title_female     ;HIGH_CHIEFTESS;HIGH_CHIEFTESS
d_kylfings       ;foa              ;HIGH_CHIEF_FOA;HIGH_CHIEF_FOA
d_kylfings       ;norse            ;        ;Kylfingar
d_kylfings       ;swedish          ;        ;Kylfingar
d_kylfings       ;norwegian        ;        ;Kylfingar
d_kylfings       ;danish           ;        ;Kylfingar
d_kylfings       ;icelandic        ;        ;Kylfingar
d_kylfings       ;gothic           ;        ;Kylfingar
d_kylfings       ;anglonorse       ;        ;Kylfingar
d_kylfings       ;armenian         ;        ;Koulpingoi
d_kylfings       ;greek            ;        ;Koulpingoi
d_kylfings       ;east_gothic      ;        ;Koulpingoi
d_kylfings       ;alan             ;        ;Koulpingoi
d_kylfings       ;sicilian_greek   ;        ;Koulpingoi
d_kylfings       ;arberian         ;        ;Koulpingoi
d_kylfings       ;georgian         ;        ;Koulpingoi
d_kylfings       ;norsegaelic      ;        ;Kylfingar
d_kylfings       ;russian          ;        ;Kolbiagi
d_kylfings       ;pommeranian      ;        ;Kolbiagi
d_kylfings       ;polish           ;        ;Kolbiagi
d_kylfings       ;bohemian         ;        ;Kolbiagi
d_kylfings       ;moravian         ;        ;Kolbiagi
d_kylfings       ;karantanci       ;        ;Kolbiagi
d_kylfings       ;croatian         ;        ;Kolbiagi
d_kylfings       ;serbian          ;        ;Kolbiagi
d_kylfings       ;bosnian          ;        ;Kolbiagi
d_kylfings       ;bulgarian        ;        ;Kolbiagi
d_kvens          ;title            ;HIGH_CHIEF;HIGH_CHIEF
d_kvens          ;title_female     ;HIGH_CHIEFTESS;HIGH_CHIEFTESS
d_kvens          ;foa              ;HIGH_CHIEF_FOA;HIGH_CHIEF_FOA
d_kvens_birkarls ;title            ;HIGH_CHIEF;HIGH_CHIEF
d_kvens_birkarls ;title_female     ;HIGH_CHIEFTESS;HIGH_CHIEFTESS
d_kvens_birkarls ;foa              ;HIGH_CHIEF_FOA;HIGH_CHIEF_FOA
d_samoyeds       ;title            ;HIGH_CHIEF;HIGH_CHIEF
d_samoyeds       ;title_female     ;HIGH_CHIEFTESS;HIGH_CHIEFTESS
d_samoyeds       ;foa              ;HIGH_CHIEF_FOA;HIGH_CHIEF_FOA
